cluster,topic
48,Pets and Animals
-1,General Discussion
53,Anime and Characters
68,Personal Reflections and Emotions
60,Mobile Technology and Apps
21,Music and Streaming
61,Crime and Law Enforcement
98,Football Match Highlights
24,Hair Care and Grooming
111,Video Game Mechanics
16,YouTube and Online Content Creation
97,Ukraine Conflict and Military Affairs
76,Video Game Updates and Issues
101,Ebola Outbreak and Public Health
33,Middle Eastern Conflicts
73,Food and Recipes
6,Cannabis and Legalization
54,Military Aviation and Naval Operations
17,Health and Dieting
38,Gaming Controversies and Media
19,Halloween and Costumes
2,Climate Change and Energy Sources
37,Insects and Entomology
100,Automotive Enthusiasm
1,Luxury Watches and Accessories
88,Transportation and Traffic
64,Substance Use and Lifestyle
51,Daily Routine and Well-being
103,COVID-19 and Public Health
59,Programming Languages and Development
66,Botany and Plant Life
12,Contests and Community Engagement
46,UK Politics and Brexit
69,Education and Career Aspirations
3,Tattoo Art and Culture
89,Virtual Reality Gaming
74,Beverages and Brewing
52,Beauty and Skincare
79,Body Modification and Piercing
29,Precious Metals and Coin Collecting
77,Baseball Data and Media
75,Nature and Outdoor Activities
65,Reddit and Online Community Discussions
36,Wildlife and Animals
92,Footwear and Fashion
25,Digital Wallpapers and Backgrounds
84,Combat Sports
50,Podcasting and Media
14,Language Learning and Linguistics
62,Adult Audio Content
63,Tobacco and Vaping Culture
106,Social Media and Communication
93,Online Fashion Shopping
85,Political Elections and Voting
95,Firearms and Ammunition
108,Adult Content and Sexuality
55,Flags and Vexillology
70,Crafting and Needlework
0,Photography Equipment and Film
102,Motorsports and Racing
58,Thrift Shopping and Hauls
87,PC Hardware and Components
7,Digital Advertising and Marketing
23,Cryptocurrency and Trading
71,Political Ideologies
22,Game of Thrones Characters
41,Comic Books and Superheroes
28,Aquatic Life and Fishing
27,Fashion Accessories
57,Adult Content Subscription Platforms
112,NFL Football Analysis
99,NHL Hockey Analysis
39,Birds and Ornithology
109,College Football Discussion
56,Astronomy and Space Exploration
31,Bathroom and Hygiene
96,World War II History
45,Religion and Spirituality
42,Nail Care and Beauty
67,Reddit Community and Moderation
91,Christmas and Holiday Season
40,Inspirational Thoughts
26,Photography and Image Sharing
81,Pok√©mon and Gaming
10,Disaster Response and Relief
5,North Korea and Geopolitical Tensions
18,Meme Culture and Social Media
94,Gaming and Player Experiences
30,Video Game Franchise Characters
86,Political Activism and Conflict
110,Card Games and Strategy
113,NBA Basketball
107,Body Positivity and Sexuality
82,Esports and Online Streaming
49,Racism and Social Issues
90,Gift Giving and Celebrations
43,LEGO and Building Creativity
83,Professional Wrestling
13,Geopolitics and International Relations
15,Toilets and Bathroom Humor
47,Housing and Rental Market
44,Anime and Characters
72,Trading Card Collecting
4,Royal Family and Monarchy
11,Anime and Memes
32,Reddit and Online Engagement
20,Online Scams and Fraud
34,Game Development and Mapping
8,Fragrance and Perfume
9,Dinosaurs and Prehistoric Life
104,Video Game Community
105,Casual Dating and Connections
35,Star Wars Universe
80,Roleplay and Kinks
78,Political Investigation and Scandal
